Gino,J5huFh6H9t5,glismore0@uol.com.br
Morris,5HXitaE2M3c,mgirvan1@bloomberg.com
Aurore,KsZSB5,aeyres2@wisc.edu
Shanda,XECISkdOUIhC,sblundel3@pen.io
Abbey,rPEUhPMLQx,afalconer4@weather.com
Mei,5a3VAH,mlatchford5@ibm.com
Amata,DcFwnseweLfw,adoneld6@tmall.com
Liesa,teBiukDEmG,lleebetter7@forbes.com
Ulrike,v1rS1PA4OKC,uvankeev8@unesco.org
Norris,u1xkaHa6YP,ndalrymple9@dropbox.com
Hamid,nC5KvU,hgreenhowea@acquirethisname.com
Graig,rJCxjJA,gmeysb@paginegialle.it
Harbert,f0jUCmV,hdargavelc@jalbum.net
Adara,ehIvbS,aeickhoffd@princeton.edu
Austin,UDtkgJEsHN,afontainee@quantcast.com
Cal,HnYs8HIpQ,cauburyf@webmd.com
Cymbre,5MVt3TFNj,cmcfaddeng@hugedomains.com
Wileen,IkKwsY,wnelmesh@angelfire.com
Deena,h36q4WGs6ouk,dapplei@geocities.jp
Tirrell,4EARptcGFU2,taldridgej@kickstarter.com
Iorgos,Bx5ybhGr,imoradk@eventbrite.com
Samantha,KkbdQLU0Bq,sbarlacel@macromedia.com
Gretta,Jo8yYgSfu,gabelesm@vimeo.com
Maria,6GvyKoXmPLV,mstanbridgen@netvibes.com
Win,pwT9A8ykk7xr,wbuglaro@newsvine.com
Abby,ITjl1bQyI4,ateagerp@prnewswire.com
Morrie,u5sJLel,mdulantyq@ucoz.com
Valaree,WU5fqV3jom,vmacgiller@washingtonpost.com
Crissy,1LRD4GhY7nF,cmillands@bing.com
Marrilee,BiTg0n,mlayust@independent.co.uk
Nelia,8QfIxkCS,nabelovu@sina.com.cn
Virgie,uBlDKXI,vmaddrav@wiley.com
Chelsie,jPqF9Be9gb,cpiotrw@timesonline.co.uk
Clyde,ZT0qzXAWIE,clittrickx@reuters.com
Daphne,J3MRB3v48Xc9,dgoodletty@woothemes.com
Kizzee,QoISRus7O,kfairez@telegraph.co.uk
Nissie,lb4jWfniu,nogarmen10@blinklist.com
Carola,rhCTcqU1e,cdagg11@tumblr.com
Ebba,ibzwmGt,emedlar12@t-online.de
Virgilio,4EhTUIqNELXd,vdeetch13@engadget.com
Willie,mVPOQC9E6O,wgreder14@studiopress.com
Kippie,1SyWAtR1zW,ksides15@ustream.tv
Vivie,LCMq11,vgalilee16@diigo.com
Asa,Zdy0X9Dp5Ys8,acabrales17@bing.com
Fara,8tNCv4SzGynE,fharvard18@miitbeian.gov.cn
Lexy,zDibo6,lmeo19@gizmodo.com
Kylie,P3lTj8kCiy,kruddoch1a@artisteer.com
Marsha,MULHtOW49Gtw,mkornilov1b@ifeng.com
Ericha,joNJR4LZfM,esinnock1c@npr.org
Allie,efw8Inv,asivell1d@123-reg.co.uk
Hillel,kyJU5EBuHnn,hborsay1e@amazon.com
Vern,HCg1940UkiQ,vtoffoletto1f@yahoo.com
Titos,hoG0Zs7N3Gk,tsherrard1g@liveinternet.ru
Elayne,xbch39Ep,edarker1h@amazonaws.com
Callida,AcFOVsQo,cbonnett1i@vkontakte.ru
Genevieve,DdroQNPt,glangfitt1j@dyndns.org
Jaimie,edZtVwiYes6,jcorser1k@csmonitor.com
Brendin,Sdmx7AbbIM,blayland1l@dot.gov
Nelson,ke8DfSf,nvakhrushin1m@hubpages.com
Wolfy,VzLchJFHnnZ,wjansens1n@shareasale.com
Petronia,nIdF69,pwilacot1o@sourceforge.net
Aeriell,1P0NPMkPov,afrango1p@ucoz.com
Mayer,ocuzi2m1m,mledgister1q@vimeo.com
Theo,sp4Eijrtda3,tleving1r@digg.com
Del,lhdmVX8V8fll,djennins1s@nasa.gov
Sax,fuGbiBX6I,smablestone1t@bloglovin.com
Regan,5RqH5N86tt,rbaswall1u@cmu.edu
Bab,AwzWG06,bbell1v@dmoz.org
Dacie,28UxZjqAOc1,dkitchener1w@paypal.com
Algernon,P3pIXcGYP8,ahannent1x@sourceforge.net
Lori,MA9GA27,lrunnett1y@apple.com
Joey,rSLJWDtXp,jcolquete1z@ft.com
Leodora,euegAL0i,ldurdy20@upenn.edu
Nick,JYt9x7,nkemmer21@washington.edu
Meaghan,EN1OE2I,mbenettelli22@hostgator.com
Alyse,iG18Ct,aonn23@mysql.com
Elnar,m0aDeYv,ehowman24@so-net.ne.jp
Dietrich,zkzKS1VyHbj,deastway25@typepad.com
Hadlee,F1je56L5C,hgoodright26@usatoday.com
Linn,vRAB63aJm,lkemball27@google.pl
Cecilius,s09y8fF,cchell28@chron.com
Moria,LpFLFqph,mreaditt29@etsy.com
Elwira,oGGwteho8PPy,elay2a@vimeo.com
Calypso,GoevT2O4,cdimond2b@elpais.com
Celinda,zB2vga5YZ4Fz,cdurban2c@google.co.uk
Scotti,v4BcWFrYhW,sfowlie2d@t-online.de
Martelle,09Qx9yH,mbownass2e@fc2.com
Constanta,8aUelmrJcr,cdidello2f@vk.com
Demetrius,R7FH3f,darchbold2g@ovh.net
Benoit,6oPOdmqi3s,bclohisey2h@csmonitor.com
Woody,FPrsl85Qlf7W,wanselmi2i@jalbum.net
Saleem,l0BRkCSZ8fE,slacelett2j@goo.ne.jp
Masha,zq7ndmHZ,mstorres2k@biblegateway.com
Arch,OOcuO2O,acastlake2l@usgs.gov
Gris,lkXZTbjK,gfayerman2m@cocolog-nifty.com
Ava,dTfxb2zC,acattellion2n@stumbleupon.com
Monica,TtqdQQFGN,mshawcroft2o@mtv.com
Bria,0c56k468zl,blapadula2p@guardian.co.uk
Carlen,2N7PDJ,cstudholme2q@hatena.ne.jp
Hamid,OPHKBPryDHy1,hmcmurraya2r@paypal.com