Goldarina,r2v5Qwnp,plainaddress
Marin,CDS4IC,#@%^%#$@#$@#.com
Lianne,LywWVimH,@email.com
Ashien,e9nxzM,Joe Smith <email@email.com>
Cy,LxD7UYBJpG,email.email.com
Gilberte,8IDBaQaI,email@email@email.com
Noble,wh6zy8Dl,.email@email.com
Jose,VZcmdm4x,email.@email.com
Albertina,ZVJBOvBwE,email..email@email.com
Carlynne,MdkOULqA9eMd,あいうえお@email.com
Tarrah,5GUdBjO35,email@email.com (Joe Smith)
Ambrosius,smu0eXv,email@email
Cort,9e2cwVlPDl,email@-email.com
Mariellen,ySZOz48WJ,email@email.web
Risa,6QpleiPDEiW,email@111.222.333.44444
Waylin,lB8Gmmus,email@email..com
Finley,vEEEOGyo2,Abc..123@email.com

















